Year,Feature,Coefficient,Abs_Coefficient
2015,AGE_CATEGORIES,0.6374844880213065,0.6374844880213065
2015,BMICAT,0.5322193266981656,0.5322193266981656
2015,HEALTH_STATUS,-0.3626742105482767,0.3626742105482767
2015,HEALTH_CARE_COVERAGE,-0.11652745695608438,0.11652745695608438
2015,SMOKER,-0.07392241265471018,0.07392241265471018
2015,INCOME,-0.053392638425383984,0.053392638425383984
2015,EDUCATION_LEVEL,-0.04707082979690424,0.04707082979690424
2015,SEX,-0.017154383633877324,0.017154383633877324
2015,EXERCISE,0.00839805242236608,0.00839805242236608
2015,POOR_PHYSICAL_HEALTH_DAYS,0.008267960061335646,0.008267960061335646
2016,AGE_CATEGORIES,0.6416600558514318,0.6416600558514318
2016,BMICAT,0.5038743088238853,0.5038743088238853
2016,HEALTH_STATUS,-0.3123722483734891,0.3123722483734891
2016,HEALTH_CARE_COVERAGE,-0.13690151344068677,0.13690151344068677
2016,SMOKER,-0.10589852809333561,0.10589852809333561
2016,POOR_PHYSICAL_HEALTH_DAYS,0.04840660885501022,0.04840660885501022
2016,EDUCATION_LEVEL,-0.035423056862581744,0.035423056862581744
2016,EXERCISE,0.03018197159777282,0.03018197159777282
2016,SEX,-0.020061878819761892,0.020061878819761892
2016,INCOME,-0.009932944269418865,0.009932944269418865
2017,AGE_CATEGORIES,0.650293010200206,0.650293010200206
2017,BMICAT,0.5045178893761102,0.5045178893761102
2017,HEALTH_STATUS,-0.3205625471979509,0.3205625471979509
2017,HEALTH_CARE_COVERAGE,-0.1224353299572756,0.1224353299572756
2017,SMOKER,-0.09962568768801959,0.09962568768801959
2017,POOR_PHYSICAL_HEALTH_DAYS,0.053150818333524204,0.053150818333524204
2017,EDUCATION_LEVEL,-0.04139453603189692,0.04139453603189692
2017,SEX,-0.027650753746411523,0.027650753746411523
2017,INCOME,-0.01526947131585093,0.01526947131585093
2017,EXERCISE,0.010617972552690766,0.010617972552690766
2018,AGE_CATEGORIES,0.6439600884088758,0.6439600884088758
2018,BMICAT,0.47678797361142894,0.47678797361142894
2018,HEALTH_STATUS,-0.31389518513484227,0.31389518513484227
2018,HEALTH_CARE_COVERAGE,-0.1405793237808995,0.1405793237808995
2018,SMOKER,-0.10625259206450532,0.10625259206450532
2018,POOR_PHYSICAL_HEALTH_DAYS,0.05137207445790988,0.05137207445790988
2018,EDUCATION_LEVEL,-0.050759730237571354,0.050759730237571354
2018,SEX,-0.030558076626997187,0.030558076626997187
2018,EXERCISE,0.02340483832580657,0.02340483832580657
2018,INCOME,-0.014894777494151188,0.014894777494151188
2019,AGE_CATEGORIES,0.6534720009127919,0.6534720009127919
2019,BMICAT,0.4818160767826276,0.4818160767826276
2019,HEALTH_STATUS,-0.3075508605104897,0.3075508605104897
2019,HEALTH_CARE_COVERAGE,-0.13320576291622913,0.13320576291622913
2019,SMOKER,-0.1028991710067649,0.1028991710067649
2019,POOR_PHYSICAL_HEALTH_DAYS,0.06009072147017437,0.06009072147017437
2019,EDUCATION_LEVEL,-0.04841995842479416,0.04841995842479416
2019,SEX,-0.03798734874144918,0.03798734874144918
2019,EXERCISE,0.013493568172092305,0.013493568172092305
2019,INCOME,-0.008962533620484438,0.008962533620484438
2020,AGE_CATEGORIES,0.6477576898274243,0.6477576898274243
2020,BMICAT,0.46447922329982994,0.46447922329982994
2020,HEALTH_STATUS,-0.303378628825046,0.303378628825046
2020,HEALTH_CARE_COVERAGE,-0.15165884414300157,0.15165884414300157
2020,SMOKER,-0.09500289446613655,0.09500289446613655
2020,EXERCISE,0.054157371012175215,0.054157371012175215
2020,EDUCATION_LEVEL,-0.038749472789543195,0.038749472789543195
2020,POOR_PHYSICAL_HEALTH_DAYS,0.02789076689995632,0.02789076689995632
2020,SEX,-0.023123830506968424,0.023123830506968424
2020,INCOME,-0.014693263399491287,0.014693263399491287
2021,AGE_CATEGORIES,0.640039299211674,0.640039299211674
2021,BMICAT,0.465638306485422,0.465638306485422
2021,HEALTH_STATUS,-0.30308812883992603,0.30308812883992603
2021,HEALTH_CARE_COVERAGE,-0.15077630102759296,0.15077630102759296
2021,SMOKER,-0.09826301234431169,0.09826301234431169
2021,EXERCISE,0.05165177386132444,0.05165177386132444
2021,POOR_PHYSICAL_HEALTH_DAYS,0.027813204228639025,0.027813204228639025
2021,EDUCATION_LEVEL,-0.017424123674492368,0.017424123674492368
2021,SEX,-0.014652914969880953,0.014652914969880953
2021,INCOME,-0.0030801875813987406,0.0030801875813987406
2022,AGE_CATEGORIES,0.6557805083354263,0.6557805083354263
2022,BMICAT,0.44937106659001025,0.44937106659001025
2022,HEALTH_STATUS,-0.29033787121371124,0.29033787121371124
2022,HEALTH_CARE_COVERAGE,-0.14112901847920525,0.14112901847920525
2022,SMOKER,-0.09414684665070355,0.09414684665070355
2022,EXERCISE,0.05523179230038107,0.05523179230038107
2022,EDUCATION_LEVEL,-0.0390914914583494,0.0390914914583494
2022,POOR_PHYSICAL_HEALTH_DAYS,0.03407225282667317,0.03407225282667317
2022,INCOME,-0.007319187080863358,0.007319187080863358
2022,SEX,-0.003715581721878139,0.003715581721878139
2023,AGE_CATEGORIES,0.6630435867869737,0.6630435867869737
2023,BMICAT,0.45245656142710416,0.45245656142710416
2023,HEALTH_STATUS,-0.2877468710507751,0.2877468710507751
2023,HEALTH_CARE_COVERAGE,-0.14460650401542766,0.14460650401542766
2023,SMOKER,-0.10041096136757365,0.10041096136757365
2023,EXERCISE,0.06890071068962556,0.06890071068962556
2023,EDUCATION_LEVEL,-0.03635764176730938,0.03635764176730938
2023,POOR_PHYSICAL_HEALTH_DAYS,0.03200522280549591,0.03200522280549591
2023,INCOME,-0.014791031908855947,0.014791031908855947
2023,SEX,-0.008853703019133134,0.008853703019133134
2024,AGE_CATEGORIES,0.6669266937075283,0.6669266937075283
2024,BMICAT,0.43462503398487323,0.43462503398487323
2024,HEALTH_STATUS,-0.29780183614832295,0.29780183614832295
2024,HEALTH_CARE_COVERAGE,-0.14798726471490642,0.14798726471490642
2024,SMOKER,-0.09017496292971497,0.09017496292971497
2024,EXERCISE,0.06293341528247998,0.06293341528247998
2024,EDUCATION_LEVEL,-0.02963691215327033,0.02963691215327033
2024,POOR_PHYSICAL_HEALTH_DAYS,0.028614972953083306,0.028614972953083306
2024,INCOME,-0.005469630645923965,0.005469630645923965
2024,SEX,0.0030470369100718403,0.0030470369100718403
